change_id,candidate_key,old_verdict,new_verdict,confidence_codex,reasoning_codex,confidence_claude,reasoning_claude
672,Alabama|House AL-04|Robert Aderholt,naughty,nuanced,82,"Based on the single direct AI-related item, Aderholt has at least some affirmative engagement with AI through defense innovation, which does not support a clearly anti-safety or anti-governance characterization. The evidence is thin and not strongly pro-safety either, so 'nuanced' fits better than 'naughty' but with only moderate-high confidence.",72,"Aderholt's only documented AI-related activity is promoting AUKUS defense partnerships that include AI and autonomy, which reflects strategic/defense interest rather than opposition to AI safety—making 'naughty' an overreach. However, the single thin evidence record doesn't positively establish a mixed governance profile either, so 'nuanced' fits better than 'naughty' but the case rests on absence of evidence rather than affirmative mixed signals."
1296,Alabama|Governor|Tommy Tuberville,no_record,nuanced,80,"The direct evidence shows Tuberville does have a meaningful AI record, so ""no_record"" is likely too weak. But that record is narrow and mixed, centered on military adoption, China/security concerns, and opposition to Biden-era AI export controls rather than a clearly pro-safety or anti-safety agenda, which fits ""nuanced.""",82,"Tuberville has multiple direct AI-related actions: co-signing a DeepSeek security inquiry letter, participating in a Senate AI Task Force promoting American AI leadership while opposing over-regulation, and opposing Biden's AI export controls — these constitute a meaningful if narrow AI record. The record is genuinely mixed (national security hawk, anti-regulation stance) rather than clearly pro-safety, making 'nuanced' more accurate than 'no_record', though the record is thin and competition-focused rather than substantively engaged with AI governance."
1881,Alabama|House AL-05|Andrew Sneed,no_record,nice,75,"The new verdict is probably correct because the AL Reporter interview is direct AI-related evidence that Sneed supports AI regulation in response to job displacement and related harms. The campaign energy policy is more AI-adjacent than clearly AI-governance-specific, so the case for ""nice"" is credible but not overwhelming.",55,"The AL Reporter interview provides a genuine AI-related signal — Sneed explicitly calls for AI regulation citing job displacement — which clearly moves the verdict away from no_record. However, the second piece of evidence (a federal grid impact fee for data centers) is energy/infrastructure policy rather than direct AI governance, making 'nice' a stretch; 'nuanced' might be more appropriate given the limited and indirect nature of the record."
1885,Alabama|House AL-06|Gary Palmer,no_record,nuanced,75,"The direct committee evidence shows Palmer has a meaningful AI-related record on energy supply, critical minerals, and China competition, so `no_record` is too weak. At the same time, those positions do not clearly map to either strong AI safety support or opposition, which makes `nuanced` the better fit.",80,"Palmer has a documented AI-related record through the House Oversight committee — backing nuclear energy for AI power demand and addressing China competition and domestic critical minerals — which is meaningfully more than no_record. However, this record is focused on competitiveness and energy supply rather than safety or governance, making nuanced the appropriate call rather than nice or naughty."
1201,Alabama|Senate|Jared Hudson,no_record,nuanced,70,"The described January 25, 2026 direct quote appears to be meaningful AI-related evidence, so `no_record` is likely no longer the best fit. But because the actual quote text and source details are not provided here, confidence in `nuanced` rather than another non-`no_record` verdict is only moderate.",55,"The new evidence row (change_id 1200) is described as a direct January 2026 quote supporting AI safeguards in a child exploitation context, which would justify moving from no_record to nuanced — but the actual content, URL, and source of that evidence are not shown, making it impossible to verify the claim. If the quote is genuine and substantive, nuanced is a reasonable fit for a single narrow AI-related position; however, absent the actual evidence fields, confidence remains uncertain."
1198,Alabama|Senate|Steve Marshall,no_record,nuanced,78,"The direct evidence shows Steve Marshall has taken at least two clear public positions on AI-related issues, so `no_record` is too weak. But the record is narrow and centered on security and child-protection enforcement rather than a broad AI governance agenda, which fits `nuanced`.",82,"Marshall has two concrete official actions involving AI — urging a ban on DeepSeek on government devices and demanding Meta halt an AI-enabled child exploitation feature — which constitute a real if narrow AI record. This is meaningfully more than 'no record,' and the actions reflect a security/child-safety framing rather than a broad pro-safety stance, making 'nuanced' a reasonable fit over 'nice.'"
1724,Alaska|House AK-AL|Nick Begich,no_record,nuanced,85,"The direct AI-related evidence shows Begich does have a meaningful AI record, so the old no_record verdict is no longer a good fit. A nuanced verdict is probably correct because the record appears mixed: he supports some guardrails and anti-abuse legislation while also stressing that regulation should not hinder U.S. competitiveness.",80,"Begich cosponsoring the AI PLAN Act (a concrete legislative action on AI-enabled risks) and publicly engaging on AI regulation in a podcast—supporting guardrails while cautioning against slowing U.S. competitiveness—clearly establishes a mixed record that fits 'nuanced' rather than 'no_record'. The only uncertainty is that the proposed podcast URL and AI PLAN Act cosponsor claim are pending verification, but the underlying logic of the verdict change is sound."
753,Arizona|Governor|Andy Biggs,no_record,nuanced,85,"The direct evidence shows Biggs has a meaningful AI-related record, so `no_record` is no longer a good fit. The record is not clearly pro-safety or anti-safety overall, making `nuanced` the better classification based on these mixed signals around AI growth, regulation, privacy, and AI-enabled crime.",82,"Three distinct evidence sources show Biggs has a meaningful AI record: backing AI infrastructure, engaging with state-level AI regulation at a congressional hearing, and chairing a subcommittee hearing on AI-enabled crime risks. This pattern of mixed engagement — pro-growth on AI but also focused on regulatory and crime concerns — clearly moves him out of 'no_record' and into 'nuanced'."
1309,Arizona|House AZ-01|John Trobough,no_record,nuanced,82,"The direct evidence shows John Trobough does have a meaningful AI-related record: he has publicly discussed AI in campaign messaging, authored an AI-focused op-ed, and referenced prior AI threat-detection work. That makes ""no_record"" hard to defend, while ""nuanced"" fits because the record is real but mostly pro-growth and national-security oriented rather than clearly aligned for or against AI safety governance.",72,"Trobough has a discernible AI-related record spanning an op-ed advocating AI sandbox/light regulation, a campaign claim about beating China in AI, and an interview citing early AI threat-detection work — enough to move beyond no_record. However, this record is pro-growth/national-security framing without clear safety or governance positions, making nuanced a reasonable fit, though the evidence quality depends on whether the cited sources actually contain these claims."
1313,Arizona|House AZ-01|Jonathan Treble,no_record,nuanced,78,"The proposed replacement evidence describes a direct campaign statement supporting responsible AI development, accountability, and safety guardrails, which is enough to move this candidate out of no_record. Because the record appears limited to a single general statement rather than a broader track record, nuanced is more defensible than a stronger verdict.",55,"The proposed change hinges entirely on unverified content from a campaign issues subpage — the original evidence explicitly found no AI policy on the same campaign site, and the new claim of 'responsible AI rules and safety guardrails' language cannot be confirmed without visiting the URL. If the issues page content is as described, 'nuanced' would be appropriate, but the shift from a confirmed negative finding to a specific positive claim warrants skepticism without independent verification."
1302,Arizona|House AZ-01|Joseph Chaplik,no_record,nuanced,70,"If the two pending Arizona Legislature additions are accurate, they establish a meaningful AI-related record, so ""no_record"" would no longer fit and ""nuanced"" is probably the better verdict. Confidence is not higher because the direct bill details themselves are not fully shown here, so the strength and direction of that record cannot be independently weighed beyond the summary.",55,"The proposed new evidence (two Arizona Legislature AI bills where Chaplik is a cosponsor) would justify upgrading from no_record to nuanced if verified, since cosponsoring AI deepfake election and AI privileged-communications legislation constitutes a real but limited and ideologically mixed record. However, the new evidence rows (change_ids 1300 and 1301) are missing their Source_Description and URL fields in this context, so the underlying bill citations cannot be verified here — confidence is moderate pending confirmation that the legislative sources are accurate."
1319,Arizona|House AZ-01|Rick McCartney,no_record,nuanced,65,"The two proposed added sources suggest Rick McCartney has a meaningful AI-adjacent record through his leadership of a company using recommendation engines and advanced algorithms, so ""no_record"" looks too weak. But the evidence appears commercial and product-focused rather than a clear stance on AI safety or governance, which makes ""nuanced"" only moderately supported rather than certain.",35,"McCartney's connection to AI appears to be as a business executive whose company uses algorithms and data analytics, not as a policymaker with stated positions on AI safety or governance; being a tech CEO who deploys AI tools is AI-adjacent but does not constitute a meaningful AI policy record. 'Nuanced' implies mixed or unclear stances on responsible AI governance, and business product descriptions do not establish that — 'no_record' remains more accurate absent any policy statements."
1729,Arizona|House AZ-02|Eric Descheenie,no_record,nuanced,25,"Based on the evidence shown here, the only concrete AI-related support is a general statement that an AI revolution is a serious threat. That is weak and not clearly enough to establish a meaningful record, so `no_record` still looks more likely than `nuanced` from the listed evidence alone.",55,"The proposed upgrade hinges largely on change 1728, a new evidence row from Descheenie's campaign policy page that supposedly shows concern about AI's labor, privacy, and national security effects — but the fields for that row are incomplete and its actual Source_Description and URL are not visible here, making it impossible to verify. The only confirmed evidence (ID 864, revised by change 1727) establishes only that he called AI a 'serious threat' in a campaign launch, which is a thin basis for 'nuanced' on its own; if the policy-page evidence is substantive as described, 'nuanced' is the right call, but the missing content introduces real uncertainty."
1893,Arizona|House AZ-04|John Fillmore,no_record,nuanced,65,"The new verdict is probably more accurate because the proposed evidence indicates at least two direct AI-related signals: a campaign statement about protecting America from AI and a recorded vote for an Arizona AI-regulation bill. That is enough to move him off no_record, but the signals appear mixed and somewhat thin, so nuanced is only moderately well supported.",35,"The two proposed signals are weak and potentially mischaracterized: the campaign statement bundles AI with ESG ratings in what reads as a conservative political talking point rather than a substantive AI safety position, and the change_id 1892 evidence row appears incomplete (URL and Source_Description fields are missing from the display). A single vague campaign warning alongside an unverified state legislative vote is thin grounds to move from no_record to nuanced."
1324,Arizona|House AZ-06|Juan Ciscomani,nuanced,nice,75,"Assuming the unsupported reconciliation-bill row is removed, the remaining direct record is consistently pro-guardrail: Ciscomani backed AI robocall disclosure and anti-impersonation penalties, supported robust AI safeguards in a House resolution, and appears to have backed meaningful human control over nuclear launch decisions. That is enough to make ""nice"" probably more accurate than ""nuanced,"" though the record is still fairly small and partly depends on pending evidence additions.",62,"If the proposed evidence changes are accepted — particularly adding the nuclear-launch human-control cosponsor and the AI-antisemitism safeguards resolution alongside the existing QUIET Act cosponsor — the record would show three concrete pro-safety actions with no countervailing signals, reasonably supporting 'nice.' However, confidence is tempered because change 1321 deletes a real vote (the state AI regulation moratorium) that was a genuine negative signal, and changes 1323–1324 are still pending I-review; the verdict upgrade relies heavily on that deletion plus unconfirmed additions."
1934,Arizona|House AZ-09|Paul Gosar,no_record,nuanced,75,"The listed evidence shows Gosar has at least some direct AI-related record, so ""no_record"" no longer fits well. But the record appears narrow and mostly pro-adoption rather than clearly pro-safety or anti-safety, which makes ""nuanced"" probably the better label.",65,"The two evidence items (fraud-detection oversight remarks and a pro-adoption healthcare AI statement) do establish a meaningful, if narrow, AI record, making 'nuanced' more appropriate than 'no_record.' However, confidence is tempered because the verdict upgrade depends partly on the unverified new evidence row (change 1933), and the existing record is thin, one-dimensional pro-adoption advocacy rather than the mixed/unclear safety posture that 'nuanced' most cleanly describes."
1943,Arkansas|House AR-01|Rick Crawford,no_record,nuanced,82,"The two remaining official committee items are direct, meaningful AI-related evidence, so `no_record` no longer fits. They show Crawford engaging on AI through intelligence adoption, China competition, and governance/security provisions, which supports `nuanced` more than a clearly pro-safety or anti-safety label.",72,"Crawford has two direct official AI-related actions—chairing an HPSCI briefing on the US-China AI race and co-leading an intelligence authorization bill with AI governance and DeepSeek ban provisions—which constitute a meaningful but narrow AI record focused on national security/competition rather than broader safety governance, supporting 'nuanced' over 'no_record'. The confidence is not higher because both signals are IC-adoption/China-competition framed with no clear safety or regulatory stance, making the nuanced label reasonable but not strongly differentiated from a thin record."
1955,Arkansas|House AR-03|Steve Womack,no_record,nuanced,75,"The new verdict is probably correct because the proposed replacement evidence points to two direct, candidate-linked AI records: Womack discussing AI policy and safe, trustworthy deployment in a congressional setting, and an official statement connecting his vote to AI-related national-security policy. That is enough to move him out of no_record, while the defense and competitiveness framing makes nuanced more justified than an unequivocally supportive label.",62,"The proposed new sources — a congressional hearing transcript and an NDAA press release — are credible evidence types that would justify upgrading from no_record to nuanced, and the described content (pro-AI R&D language, safe/trustworthy deployment framing, defense/China competition context) fits the nuanced verdict well. However, the new evidence rows are pending additions with no URLs visible for verification, so confidence is moderated by inability to confirm the sources directly."
680,Arkansas|House AR-04|Bruce Westerman,naughty,nuanced,78,"The listed evidence is mixed: Westerman supports AI deployment and frames AI through strategic competition, but he also explicitly urges regulation and guardrails to protect children online. Based on these direct records alone, that fits `nuanced` better than `naughty`, though the evidence base is still fairly limited.",72,"Westerman's record shows a mix of positions: he supports AI for wildfire tools and frames AI as a U.S.-China competition issue, but also calls for child-safety guardrails—indicating neither consistent opposition to AI safety nor strong support, which better fits 'nuanced' than 'naughty'. The child-safety regulation stance in particular is a meaningful pro-safety signal that undercuts the 'naughty' label."
1499,Arkansas|Senate|Hallie Shoffner,nuanced,no_record,75,"The listed record is only a single indirect, media-reported comment tied to one bill and mainly about deregulation and state oversight, not a sustained or substantive AI policy record. That makes ""no_record"" probably more accurate than ""nuanced,"" though the existence of at least one AI-adjacent statement keeps confidence short of absolute.",72,"The single evidence item is an indirect media quote showing pragmatic skepticism of federal deregulation rather than a substantive AI policy position, which is quite thin for a 'nuanced' verdict. However, there is some signal — criticizing the DATA Act while acknowledging data centers/AI aren't inherently bad does reflect a considered if limited stance, so 'no_record' may slightly overcorrect, but the Codex reasoning is largely sound."
548,California|Governor|Matt Mahan,naughty,nuanced,25,"Based on the evidence shown, Mahan’s record is overwhelmingly pro-deployment and pro-industry, with little direct support for AI safety or responsible governance. The only regulation-related item presented still reads as skeptical of meaningful limits, so the current record fits 'naughty' better than 'nuanced'.",32,"The current evidence strongly supports 'naughty': Evidence 503 directly quotes Mahan framing regulation as futile ('you can't stop it'), Evidence 501 shows citywide AI deployment 'with no safety or oversight caveats,' and Evidence 502 shows his campaign is funded by tech billionaires specifically expecting him to resist AI regulation. The proposed upgrade to 'nuanced' hinges critically on Change 556 — replacing the SF Standard anti-regulation quote with an unverified LA Times claim that he 'said AI should be regulated' — and on deleting Evidence 502 (donor backing) and adding unspecified new evidence (Change 558). Substituting a direct February 2026 quote showing regulatory fatalism with a March 2026 campaign-trail statement could reflect strategic repositioning rather than genuine conviction, and the net effect of the proposed changes is to remove the most damaging evidence rather than add countervailing evidence."
749,California|Governor|Tony Thurmond,nuanced,nice,70,"The direct evidence is consistently positive: across multiple official CDE sources, Thurmond supported AI guardrails, privacy, academic integrity, AI literacy, and human-centered use rather than replacement. That said, the record is narrow and confined to K-12 education policy, so 'nice' is probably justified but not overwhelmingly certain over 'nuanced'.",58,"All three evidence items consistently show Thurmond taking a human-centered, guardrail-focused approach to AI in K-12 education — supporting privacy, academic integrity, and educator-centered use — which is a coherent pro-safety record. However, the evidence is entirely domain-specific (his role as State Superintendent) with no broader AI governance positions, making the leap from 'nuanced' (which may reflect limited scope rather than a mixed record) to 'nice' only moderately supported."
762,California|Governor|Xavier Becerra,no_record,nice,78,"The new verdict is probably correct because the HHS testimony directly says Secretary Becerra tasked department-wide AI coordination, and the Section 1557 rule press release ties him to anti-discrimination safeguards for AI and decision-support tools in health care. The HTI-1 rule is less personally attributable to him, so this is not absolute, but the direct HHS evidence is stronger than ""no meaningful AI record found.""",62,"Becerra's HHS tenure involved real AI governance actions — the HTI-1 algorithm transparency rule and coordinating HHS AI efforts — but these were institutional/regulatory actions as a cabinet secretary rather than direct personal AI policy advocacy, making the jump from no_record to nice plausible but somewhat overstated. The evidence is meaningful but thin and secondhand enough that 'nuanced' might be more appropriate than 'nice'."
1966,California|House CA-01|James Gallagher,no_record,nuanced,80,"The listed evidence indicates Gallagher has a meaningful AI-related record through multiple legislative votes on AI transparency and disclosure bills, so `no_record` no longer fits well. `Nuanced` appears more appropriate because the record is limited and mixed in strength, with support on disclosure measures but no stronger pro-safety signal from the 2025 framework bill.",45,"The proposed new evidence rows (1963–1965) cite California legislative votes on AI transparency and deepfake bills, which would be meaningful AI record if verified, but none of those rows show actual URLs or source descriptions — making it impossible to confirm the votes are real. If the legislative votes are accurate, 'nuanced' is a reasonable fit for a mixed record of yes votes on transparency bills plus an abstention on a frontier safety bill, but the evidence quality is too opaque to confidently upgrade from no_record."
683,California|House CA-02|Jared Huffman,naughty,nuanced,90,"The listed AI evidence does not support a 'naughty' label: one item shows Huffman backing practical AI use for wildfire response, and the added 2025 press-release evidence shows him seeking oversight of AI use on sensitive government data. With a sparse but clearly mixed-to-responsible record, 'nuanced' is much better supported than 'naughty'.",72,"The existing 'naughty' verdict was already weakly supported — encouraging wildfire AI use is pro-safety, not anti-safety, and absence of a broader governance stance is more 'no_record' than 'naughty.' The proposed addition of DOGE AI oversight evidence (change 682) would add a concrete pro-governance data point that, if verified, clearly shifts the balance toward 'nuanced'; confidence is held back because that new evidence row's URL and content are not directly visible for verification here."
1989,California|House CA-04|John Tyler,no_record,nuanced,75,"The proposed added evidence describes a dedicated AI issues page with clear positions on AI-related surveillance, technocracy, and concentrated tech power, which is enough to move Tyler out of no_record. I am not at 100 because the record shown here is still broad and values-based rather than a detailed governing agenda, so nuanced fits better than a stronger verdict.",82,"Tyler's campaign apparently has a dedicated AI issues page with substantive positions against AI-powered technocracy, surveillance, and concentrated tech control — this is a real AI record, making no_record clearly wrong. Nuanced fits well because the stance is imprecise and ideologically ambiguous (anti-surveillance populism rather than engagement with specific AI safety legislation), though confidence is slightly reduced since the actual page content isn't directly quoted in the evidence rows."
1984,California|House CA-04|Trevor Merrell,no_record,nuanced,25,"The only actual evidence row shown is a negative-search summary, which does not establish any direct AI-related position. While the proposed change references a campaign claim about AI data centers, that underlying direct evidence is not provided here, so the new ""nuanced"" verdict is not well-supported by the listed record.",58,"If the campaign website genuinely documents a moratorium position on energy-wasting AI data centers, moving from `no_record` to `nuanced` is logically sound — a single, narrow AI-adjacent policy signal warrants `nuanced` rather than `nice`. However, the existing evidence row explicitly states no AI position was found after a broader search, directly contradicting the proposed new claim, and the new URL cannot be verified here, making it uncertain whether the claimed evidence actually exists."
2006,California|House CA-07|Mai Vang,no_record,nuanced,,,40,"The proposed new evidence (change 2005) is incomplete — only the Candidate_Key field is shown, with no Source_Description or URL visible to verify the claimed AI surveillance stance. Even if the statement exists, opposing ICE's use of AI-enabled surveillance is a narrow civil-liberties/immigration position that may not constitute a meaningful AI governance record, making the jump from no_record to nuanced uncertain."
2018,California|House CA-08|Aaron Rowden,no_record,nuanced,,,62,"If the platform content is accurate, positions on AI governance principles and automation-funded UBI would constitute a meaningful but limited record that fits 'nuanced' better than 'no_record'. However, confidence is tempered because the evidence cannot be independently verified here, and the described positions (dignity/agency framing, labor-focused automation tax) are common progressive talking points that may not reflect a substantive AI safety record."
2015,California|House CA-08|John Garamendi,no_record,nuanced,,,72,"Garamendi has multiple official House press releases and Armed Services Committee statements linking him to AI oversight in military and nuclear contexts (NDAA language on AI escalation risks, guardrails for AI on military installations), which constitutes a meaningful if narrow AI record supporting 'nuanced' over 'no_record.' Confidence is tempered because the evidence hasn't been verified via URL and the record appears focused on a single domain (military/nuclear AI safety) rather than broader AI governance."
2032,California|House CA-10|Joshua Hamilton,no_record,nuanced,,,72,"If the campaign white paper genuinely contains explicit AI-related positions (automation productivity tax, citizen dividend), that is meaningful AI record and 'nuanced' fits well since the positions are distributive/economic rather than clearly pro- or anti-safety. The main uncertainty is that the actual white paper evidence row is pending addition and unverified — the only current evidence is a generic Wikipedia page."
2029,California|House CA-10|Mark DeSaulnier,no_record,nice,,,62,"The change descriptions reference plausible, specific official sources — a committee press release on AI guardrails/worker protections and Congress.gov sponsorship of legislation addressing automated accounts — which, if accurate, would support a 'nice' verdict. However, the actual new evidence rows (URLs, source text) are not shown, only the model's reasoning about them, making it impossible to verify the claims directly and leaving meaningful uncertainty about whether the sources substantiate a 'nice' rather than 'nuanced' classification."
2043,California|House CA-11|Connie Chan,no_record,nice,,,72,"The three pending evidence additions describe concrete legislative actions at the San Francisco Board of Supervisors level — a government AI use hearing, a public AI inventory ordinance, and an algorithmic rent-setting ban — which collectively constitute a meaningful pro-responsible-governance record sufficient to support 'nice' over 'no_record'. Confidence is not higher because the new evidence rows are still pending (no URLs or source descriptions visible in context), so the underlying sourcing cannot be verified here."
2045,California|House CA-11|Marie Hurabiell,no_record,nuanced,,,72,"If the cited policy page accurately reflects her positions — framing AI as a national security issue while backing industry-led safety rules — a 'nuanced' verdict is well-supported, as that mix of safety concern and industry-first framing fits the nuanced category rather than no_record. The main uncertainty is that I cannot verify the URL, and the previous search on the same site found no AI positions, so there is some risk the Codex model over-read the policy page."
2038,California|House CA-11|Saikat Chakrabarti,no_record,nice,,,72,"The proposed evidence update points to the candidate's official campaign policies page and describes specific, substantive AI governance positions (AI safety standards, deepfake limits, child chatbot safeguards), which are credible for a progressive Democratic candidate of Chakrabarti's profile. However, confidence is tempered because the original review found no AI record at the same domain, suggesting the policies page may not have existed or was missed — the shift relies entirely on the model's unverified reading of that URL rather than independently confirmed content."
1462,California|House CA-13|Adam Gray,no_record,nuanced,,,58,"If H.R. 5227 (Unleashing Low-Cost Rural AI Act) accurately reflects Gray's legislative activity, that single signal does establish some AI record, making nuanced more appropriate than no_record. However, change 1461 adds no URL or direct source for this bill, so the key evidence driving the verdict change is unverified, and the bill's pro-deployment framing offers little clarity on safety stance."
664,California|House CA-13|Vin Kruttiventi,naughty,no_record,,,72,"The sole evidence is a campaign website touting AI and AgTech investment with no safety or governance stance, which is insufficient to sustain 'naughty' — that verdict requires opposition to safety/responsible governance, not merely enthusiasm for AI growth without guardrails. However, the evidence does show a meaningful AI-related campaign position, making 'no_record' a slight overcorrection; 'nuanced' might be more accurate, but 'no_record' is closer to correct than 'naughty'."
2063,California|House CA-14|Abrar Qadir,no_record,nice,,,62,"The proposed change is predicated on content from a new campaign domain (aq4congress.com) that the model claims includes specific AI policy positions — safeguards, creator compensation, and environmental oversight — which would clearly warrant 'nice' if accurate. However, the only verifiable evidence row still references the old URL with no AI record found, and the new URL has not been independently verified; the entire upgrade rests on an unreviewed model assertion about a website whose content cannot be confirmed here."
2067,California|House CA-14|Aisha Wahab,no_record,nice,,,72,"The proposed new evidence cites official Senate press releases documenting enacted AI safety legislation and consumer-protection bills targeting algorithmic pricing, which would clearly support a 'nice' verdict; however, the actual content and URLs of the two new evidence rows are not visible in this review packet, so I cannot directly verify the claims. The reasoning is specific and plausible given Wahab's background as CA State Senator SD-10, but full confidence requires seeing the cited sources."
2054,California|House CA-14|Carin Elam,no_record,nuanced,,,72,"The proposed changes describe two concrete AI-related signals — an explicit campaign-website statement supporting AI standards/regulation and a local news report on regulating AI in schools — which would clearly move Elam out of no_record into nuanced (partial pro-governance). Confidence is not higher because the actual source content is unverified here and the existing evidence row still reads 'no AI position found,' so the upgrade depends entirely on the accuracy of the model's source descriptions."
2070,California|House CA-14|Eric Swalwell,no_record,nice,,,72,"Swalwell's statements supporting AI governance, deepfake detection, watermarking, and explicitly calling AI without governance 'a recipe for disaster' constitute a meaningful pro-safety record that supports upgrading from no_record to nice. However, confidence is tempered because the evidence rows show 0 current entries and the context is based solely on Codex-proposed changes citing statements not yet verified in the evidence table."
2080,California|House CA-17|Ethan Agarwal,no_record,nuanced,,,62,"The proposed new evidence (changes 2078–2079) describes a March 2026 TechCrunch interview in which Agarwal takes clear, mixed AI positions—opposing frontier model limits but open to an independent oversight body—which would genuinely support 'nuanced' over 'no_record.' However, the evidence rows for those two additions show blank keys and no URL or Source_Description fields in the context provided, making it impossible to verify the interview's existence or content directly, which tempers confidence."
2089,California|House CA-17|Ritesh Tandon,no_record,nuanced,,,55,"The proposed nuanced verdict depends entirely on the pending evidence addition (change 2088) from Tandon's campaign website, which is not yet in the evidence rows and cannot be verified here. If the campaign website content is accurately described — AI literacy, worker upskilling, ethics instruction, and IP safeguards — then nuanced is more appropriate than no_record, but the confidence is tempered because the supporting evidence is unconfirmed and the current record contains only a generic Wikipedia election overview."
2098,California|House CA-18|Zakaria Kortam,no_record,nuanced,,,45,"The proposed verdict change hinges entirely on two new evidence rows (change_ids 2096 and 2097) that are pending additions with no visible URLs or source content — only the model's characterization of what they contain. Without being able to verify that those campaign pages actually contain AI-related policy statements or professional background, the case for upgrading from no_record to nuanced is unsubstantiated; the only current evidence is an irrelevant Wikipedia elections overview page."
2103,California|House CA-19|Jimmy Panetta,no_record,nuanced,,,62,"The two proposed evidence items (CHIPS Act semiconductor/AI industrial policy support and a narrow NDAA provision using ML for military housing rates) do establish a thin but real AI-related record, moving Panetta out of 'no_record' territory. However, neither piece speaks to AI safety or responsible governance—they reflect industrial competitiveness and a minor administrative AI application—making 'nuanced' a reasonable but somewhat generous characterization of the record."
2113,California|House CA-20|Jeremy Fox,no_record,nuanced,,,60,"The proposed verdict change is logically sound — a campaign-site speech advocating for distributed AI compute is a substantive, if unconventional, AI policy stance that clearly moves Fox out of 'no_record' territory. However, the supporting evidence (change 2112) has not yet been added and cannot be independently verified here; the entire case for 'nuanced' rests on the accuracy of Codex's description of that campaign source."
335,California|House CA-21|Jim Costa,nice,nuanced,,,72,"With evidence 2828 deleted, only a single rural AI data-center impact study bill remains, which is a positive but narrow signal — more exploratory than a sustained AI-safety record. One study bill reasonably supports 'nuanced' (partial/limited record) over 'nice' (generally supports AI safety), though the bill is unambiguously pro-governance, leaving modest room to argue 'nice' still applies."
655,California|House CA-22|David Valadao,naughty,nuanced,,,35,"The 10-year state AI moratorium vote is a significant anti-governance action that broadly blocks state-level AI safety regulation, while the VA automation bill reflects support for AI as a government tool rather than any commitment to AI safety or responsible governance frameworks — these two things are not meaningfully in tension. One operational AI-use bill does not sufficiently counterbalance a sweeping deregulatory moratorium vote to warrant moving from 'naughty' to 'nuanced'."
2132,California|House CA-24|Bob Smith,no_record,nuanced,,,68,"If the proposed evidence URLs are accurate, Smith has explicit AI positions (guardrails, competitiveness, defense focus, UCSB lab proposal) that clearly disqualify no_record and fit nuanced well. The main uncertainty is that the current evidence row explicitly states no AI position was found and links to a different domain (votebobsmith.com vs bobsmithforcongress.com), so the new evidence cannot be verified here — but the internal reasoning is consistent and three independent campaign sources are cited."
2137,California|House CA-24|Salud Carbajal,no_record,nuanced,,,72,"If the two cited official press releases exist and say what the reasoning claims — supporting AI research under CHIPS/Science Act funding and criticizing AI facial recognition for civil rights concerns — that constitutes a limited but real mixed record that clearly warrants nuanced over no_record. The confidence is not higher because the actual URLs and content of the new evidence rows (2135, 2136) are not shown, so the verdict hinges on those sources being valid and substantive."
2151,California|House CA-26|Jacqui Irwin,no_record,nuanced,,,82,"Authoring and successfully passing a California generative AI training-data transparency bill that was signed into law constitutes meaningful AI governance engagement, clearly disqualifying no_record. Nuanced is appropriate rather than nice because a single transparency bill, while pro-governance, represents a limited and incomplete record on AI safety broadly."
2166,California|House CA-27|George Whitesides,nuanced,nice,,,35,"The two confirmed evidence rows show mixed signals: opposition to a federal AI moratorium (which prioritizes state-level consumer protection but doesn't clearly signal pro-safety governance) and AI infrastructure oversight questioning — a record that fits 'nuanced' well. The verdict upgrade to 'nice' is explicitly predicated on a third, still-pending evidence addition (change 2165) about AI guardrails and defense oversight, which is not yet part of the confirmed record; without that evidence, the existing two rows do not clearly cross the threshold from nuanced to nice."
2170,California|House CA-28|Judy Chu,nuanced,nice,,,68,"Two concrete legislative actions (the CMS Medicare Advantage AI guardrails letter and the 2026 AI language-services bill with bias testing and privacy requirements) provide a consistent pro-oversight pattern that reasonably supports upgrading from 'nuanced' to 'nice.' However, the evidence base remains thin — only two targeted actions — and the new evidence item (change 2169) is incompletely shown, making full verification of the second data point uncertain."
2198,California|House CA-30|Cameron Tennyson,no_record,nuanced,,,62,"If the campaign website evidence is accurate (explicit support for AI regulation and banning AI job replacement), nuanced is more appropriate than no_record — campaign-level AI positions constitute a meaningful record even without governing history. However, confidence is tempered because the supporting evidence rows are unverified proposals (pending review) and the only confirmed evidence is a weak Wikipedia election-page entry."
2180,California|House CA-30|Dennis Feitosa,no_record,nuanced,,,40,"The proposed new evidence rows (2178, 2179) lack visible Source_Description and URL fields, making the underlying claims unverifiable from the context provided; the only confirmed source is a generic Wikipedia election page. Campaign platform positions on AI workforce training and copyright protections could qualify as 'nuanced' if substantiated, but without inspectable evidence the upgrade from no_record carries significant uncertainty."
2186,California|House CA-30|Joel Lava,no_record,nuanced,,,45,"The proposed evidence additions (changes 2184, 2185) reference campaign statements supporting AI regulation, which would justify upgrading from no_record to nuanced, but neither new evidence row includes a URL or content that can be verified in this context. Without being able to confirm the campaign page actually contains substantive AI policy positions, the upgrade remains plausible but unverified."
2191,California|House CA-30|Nick Melvoin,no_record,nuanced,,,65,"The proposed evidence shows Melvoin co-sponsored an AI governance measure and supported an AI education platform rollout at LAUSD — real but limited and education-focused AI activity that justifies upgrading from no_record to nuanced. However, confidence is tempered because the new evidence rows lack visible URLs/descriptions to verify the LAUSD sources, and local school board AI adoption actions are a thin basis for a federal-race AI verdict."
2203,California|House CA-31|Gil Cisneros,no_record,nuanced,,,30,"The proposed evidence additions (change_ids 2201 and 2202) do not show their actual content — only the candidate key field is visible, leaving the specific AI-related claims unverifiable. A single health care action plan press release with AI-adjacent signals on algorithm transparency is a thin basis for upgrading from no_record to nuanced, especially when the existing evidence explicitly concluded no clear AI policy position was found after a broader search."
2219,California|House CA-32|Anna Wilding,no_record,nice,,,42,"The proposed new evidence (changes 2217–2218) describes campaign-page statements supporting AI guardrails and creator protections, which would clearly support 'nice' — but neither change record includes a URL or source description, making the underlying evidence unverifiable. Without confirmed URLs, this rests entirely on Codex's characterization of pages that cannot be checked, leaving meaningful doubt that 'no_record' may still be correct."
2208,California|House CA-32|Jake Levine,no_record,nuanced,,,78,"Two specific AI-related campaign commitments (cracking down on AI-driven insurance denials and protecting creators from AI copyright harm) constitute a meaningful AI record, clearly warranting a move away from no_record. Nuanced rather than nice is appropriate since these are campaign statements rather than a legislative record, and they address narrow consumer/labor concerns rather than broad AI safety governance."
2223,California|House CA-33|Pete Aguilar,no_record,nuanced,,,72,"Aguilar's announced federal funding for AI education, workforce development, and AI-related cybersecurity research constitutes a meaningful AI record that clearly warrants moving off no_record. However, the activities described are promotional/funding-oriented rather than safety or governance-focused, making nuanced appropriate but not certain — the unseen full content of the two new evidence rows could shift this further in either direction."
2230,California|House CA-34|Jimmy Gomez,no_record,nice,,,72,"Gomez has a documented record of introducing legislation and leading letters specifically targeting facial recognition AI in law enforcement, emphasizing civil-rights safeguards and transparency — this constitutes real, substantive AI governance activity that clearly exceeds 'no_record.' The mild discount reflects that the evidence is narrowly focused on one AI application (facial recognition) rather than a broader AI safety/governance portfolio."
2239,California|House CA-36|Houston Brignano,no_record,nuanced,,,52,"The proposed evidence rows (2237, 2238) lack visible URLs or source descriptions, making it impossible to verify the claimed campaign statements exist or say what is described. If the direct campaign statements are real, 'nuanced' would be well-justified over 'no_record', but the change group data as presented does not include enough detail to confirm the evidence quality."
2248,California|House CA-39|Mark Takano,nuanced,nice,,,65,"All existing evidence points consistently in one direction — oversight, transparency, and accountability for AI systems — with no conflicting signals that would justify 'nuanced.' However, the evidence base is thin (two current rows plus one proposed addition), and the proposed change relies partly on an evidence item not yet reviewed, so moderate uncertainty remains about whether this thin record is sufficient to clear the bar for 'nice' over 'nuanced.'"
2410,California|House CA-40|Joe Kerr,no_record,nuanced,,,65,"If the LA Times voter guide genuinely quotes Kerr identifying AI-funded wildfire detection as a legislative priority, that constitutes a meaningful if narrow AI-related record, making 'nuanced' more appropriate than 'no_record.' However, the actual LA Times evidence row content is not visible in the provided context (change 2409 fields are incomplete), so confidence is tempered by reliance on the model's characterization of that source rather than the source itself."
2407,California|House CA-40|Ken Calvert,no_record,nuanced,,,72,"If the cited House press releases are accurate, Calvert has a meaningful AI record centered on defense AI deployment (FY25 NDAA pilot, CDAO repository, SBIR/STTR innovation), which clearly disqualifies no_record. Nuanced is the appropriate landing spot since defense-deployment-focused AI activity without clear safety/governance positioning fits the mixed/unclear definition, though confidence is tempered because the new evidence rows lack full source details for independent verification."
2417,California|House CA-41|Dave Karson,no_record,nuanced,,,72,"If Karson's campaign site genuinely has a dedicated AI policy page covering strategy, compute clusters, and civil-liberties protections, that clearly constitutes a meaningful record that warrants moving off no_record. The nuanced verdict fits well given the positions are centered on competitiveness and investment rather than a strong safety-first agenda, though confidence is tempered because the actual URL content cannot be verified here and the supporting evidence relies entirely on Codex's claims about the site."
2422,California|House CA-41|Linda Sanchez,no_record,nuanced,,,78,"A signed congressional letter specifically raising AI oversight and taxpayer-data protection concerns about IRS use of AI-generated code is direct, voter-verifiable evidence of AI governance engagement, which clearly surpasses no_record. However, this is a single, narrow action rather than a broad or sustained AI policy record, making nuanced the appropriate fit over nice."
415,California|House CA-42|Robert Garcia,nice,nuanced,,,75,"If the two stronger evidence items (NO FAKES Act co-sponsorship and Democratic Commission on AI membership) are correctly removed as unsupported, the remaining record — founding a Popular Arts Caucus with an AI component — is a thin, indirect signal that doesn't clearly establish a pro-AI-safety legislative stance. The downgrade to nuanced is well-reasoned given the evidence base, though confidence is not higher because the validity of the deletions themselves (based on URL resolution failures) cannot be independently confirmed here."
2255,California|House CA-43|Maxine Waters,nuanced,nice,,,62,"Waters' record shows consistent pro-oversight, pro-transparency AI actions within financial services — bipartisan working group, anti-deregulation stance, transparency and anti-discrimination advocacy — which does lean 'nice' rather than merely mixed. However, all evidence is domain-specific (financial services committee work), the total evidence base is thin (2–3 items), and 'nuanced' remains defensible given the narrow scope; the upgrade is plausible but not strongly compelled."
1475,California|House CA-45|Brian Forde,no_record,nuanced,,,72,"Two direct Forde quotes — one on AI affecting parole, credit, and civil rights (LBS) and one calling for smart legislation on AI risks (OC Weekly) — are enough to clear the no_record bar and support nuanced, as they show proactive governance awareness rather than silence. Confidence is not higher because both quotes appear to be campaign-level statements without deep policy specificity, and the OC Weekly evidence is not yet visible in the current evidence rows, so its content cannot be independently verified here."
2456,California|House CA-47|Eric J. Troutman,no_record,nuanced,,,60,"The two proposed evidence additions describe plausible but unverified AI-related positions (industry self-regulation advocacy and a firm policy against generative AI in legal work), which together would constitute a mixed record warranting 'nuanced.' However, the change records for 2454 and 2455 show blank URLs and source descriptions, making it impossible to verify the underlying sources exist or accurately represent Troutman's positions."
2450,California|House CA-47|Ryan Lam,no_record,nuanced,,,60,"If the campaign website evidence (change_id 2449) is accurate — that Lam explicitly supports consumer-protection guardrails for AI deception, facial recognition misuse, and algorithmic discrimination — then nuanced is more appropriate than no_record, as it represents a limited but meaningful AI policy position. However, the AI-related evidence is entirely from a pending, unverified addition; the only confirmed evidence row is a Wikipedia link that the model itself flags as inaccurate for this candidate, leaving the verdict upgrade contingent on unconfirmed sourcing."
1331,California|House CA-48|Corinna Contreras,no_record,nuanced,,,62,"If the platform page genuinely contains explicit AI governance language around worker and environmental protections, a 'nuanced' verdict is appropriate over 'no_record' — even thin but explicit policy positions warrant nuanced. However, confidence is limited because the only direct evidence is an unverified URL update; 'AI protections for workers and environment' could reflect substantive AI policy or merely passing mentions in broader labor/climate planks."
2263,California|House CA-49|Mike Levin,nuanced,nice,,,58,"The existing evidence (campaign guardrails language + caucus membership) supports at most a nuanced rating; the proposed upgrade hinges on two new evidence items (2261, 2262) whose actual Source_Description and URL fields are blank in the context provided, making them unverifiable here. The described content — an AI data center bill focused on costs/emissions and a co-led oversight letter — are positive signals for responsible governance, but neither is a strong AI safety stance on its own, and the data center bill in particular addresses environmental concerns more than AI safety directly."
2471,California|House CA-50|Aishwarya Mitra,no_record,nuanced,,,25,"The verdict change hinges entirely on a proposed new evidence row (change 2470) whose URL and source description are absent from the context, making the claimed AI campaign statement unverifiable. Without a visible, checkable source, the Codex model's assertion about a pro-AI-funding platform statement may be a hallucination, and the Gemini score of 0 further suggests no AI record was independently found."
2463,California|House CA-50|Hatim Arnous,no_record,nice,,,10,"The proposed source URL (timforsandiego.com) appears to belong to a candidate named 'Tim,' not Hatim Arnous, suggesting the model may have cited the wrong campaign website entirely. Without verified evidence that Arnous himself has stated AI policy positions, the no_record verdict should stand."
2477,California|House CA-50|Scott Peters,no_record,nuanced,,,78,"The proposed evidence — co-leading AI-focused patent legislation, a permitting bill tied to AI data center energy needs, and cosponsoring AI health technology legislation — constitutes a meaningful AI-related record absent from the current evidence row, which itself points to an irrelevant App Challenge page. Peters' record appears oriented toward AI innovation and competitiveness rather than safety or guardrails, making 'nuanced' a reasonable fit, though confidence is tempered by inability to verify the source URLs directly."
2487,California|House CA-52|Juan Vargas,no_record,nuanced,,,78,"Two direct sources show Vargas expressing concern about AI risks to the financial system and co-signing a letter urging AI oversight — sufficient to move off no_record. The nuanced verdict is appropriate rather than nice, since his engagement appears narrow and sector-specific, but the evidence quality depends on the actual content of the cited Congress.gov transcript and press release not fully reproduced here."
936,Colorado|Governor|Barbara Kirkmeyer,no_record,nuanced,,,82,"Two existing evidence rows already document real legislative votes with opposite AI-governance signals — Kirkmeyer voted yes on consumer protections (SB24-205) and no on deepfake disclosure — which is a textbook mixed record warranting 'nuanced' rather than 'no_record.' The pending URL correction and additional facial-recognition vote (change 935) would only reinforce that conclusion, but the verdict upgrade is already well-supported by the current evidence."
944,Colorado|Governor|Scott Bottoms,no_record,nuanced,,,75,"The existing evidence already shows Bottoms casting votes on AI legislation in opposing directions — no on one consumer protections measure, yes on another — which is a textbook mixed record warranting 'nuanced' over 'no_record'. The proposed addition of a deepfake sponsorship further solidifies this, though the URLs cannot be independently verified here, and the distinction between the 2024 vs. 2025 bills needs to be accurate for the narrative of evolution to hold."
946,Colorado|Governor|Victor Marx,nuanced,no_record,,,65,"A single generic campaign newsletter statement calling for 'responsible oversight and security measures' for AI is very thin evidence — it's the kind of boilerplate language that barely distinguishes a candidate's actual position. However, the statement does exist and explicitly addresses AI governance, which arguably clears the minimal bar for a 'nuanced' (unclear/partial) record rather than 'no_record.' The case for downgrading is reasonable but not decisive."
2492,Colorado|House CO-01|Melat Kiros,no_record,nice,,,32,"The only actual evidence on file is a generic Wikipedia election overview with no AI-specific content about Kiros, supporting the current no_record verdict. The proposed new evidence (change 2491) cites a campaign issues page with an AI platform plank, but no URL or content is shown in the audit record, making it impossible to verify the claimed positions on oversight, automation, discrimination, and surveillance — so the nice verdict rests entirely on an unverified model assertion."
670,Colorado|House CO-03|Jeff Hurd,naughty,nuanced,,,72,"Hurd's record shows a mix of signals: cosponsoring a deregulatory bill (using AI to cut federal regulations) leans naughty, while backing federal-level AI regulation over a state patchwork is a pro-governance stance, though 'light-touch' framing suggests limited regulatory appetite. Two thin evidence points make a clear naughty verdict harder to justify, and nuanced fits the ambiguity better."
2496,Colorado|House CO-04|Trisha Calvarese,no_record,nice,,,35,"The only visible evidence row is a generic Wikipedia elections page with no AI content; the actual AI platform evidence (change_id 2495) has no fields shown, so the specific claim of a 'clear pro-safety AI platform' cannot be verified from what is presented. Additionally, she has suspended her campaign, making the verdict less consequential, but the 'nice' rating still requires substantiated evidence that is not visible here."
1751,Colorado|House CO-05|Joe Reagan,no_record,nuanced,,,72,"The campaign issues page at reaganforcolorado.com/issues appears to contain at least two distinct AI-related policy positions (workplace oversight/worker transitions and water use regulation), which is meaningfully more than no_record. However, confidence is limited because these positions are narrow and context-specific rather than reflecting a broad AI governance stance, and the underlying URL has not been independently verified here — the verdict rests on the model's reading of the page."
1742,Colorado|House CO-05|Matt Cavanaugh,no_record,nuanced,,,28,"The only support for 'nuanced' comes from Codex's unverified assertion (change 1741) that a different URL on the campaign site now contains AI safety language — but the original evidence search found no AI policy, the candidate has since dropped out of the race (Evidence 2736), and there is no independent corroboration of the claimed AI-specific content. With no verified AI record in the existing evidence rows, 'no_record' remains the better-supported verdict."
2509,Colorado|House CO-07|Brittany Pettersen,no_record,nice,,,65,"The proposed new evidence describes specific, plausible actions — participation in a bipartisan House AI task force and introducing anti-deepfake legislation for consumer protection — that would clearly support a 'nice' verdict over 'no_record'. However, the actual evidence sources and URLs are not shown (only reasoning descriptions), and both evidence rows are still pending review, so the underlying claims cannot be independently verified from what is presented here."
1340,Colorado|House CO-08|Evan Munsing,no_record,nuanced,,,82,"Two direct interview sources from February 2026 provide clear AI-related statements from Munsing, definitively removing him from no_record. His positions are genuinely mixed—combining safety-oriented concerns (rejecting self-regulation, harms to children/workers, infrastructure risks) with a competition/national-security framing that doesn't map cleanly to pro-safety governance—which fits nuanced well."
676,Arizona|House AZ-04|Greg Stanton,naughty,nuanced,78,"The direct evidence described here supports a mixed record: Stanton has official AI-related activity on semiconductor/AI competitiveness and on autonomous-vehicle protections, which is more than a generally opposed posture. That makes ""nuanced"" more plausible than ""naughty,"" though the record still looks limited and not strongly AI-safety-forward.",,
290,Colorado|House CO-08|Shannon Bird,nice,nuanced,,,,
768,Colorado|Senate|Julie Gonzales,no_record,nice,,,,
2513,Connecticut|House CT-01|Luke Bronin,no_record,nuanced,,,,
2519,Connecticut|House CT-03|Andrew Rice,no_record,nuanced,,,,
2527,Connecticut|House CT-04|Joseph Perez-Caputo,no_record,nice,,,,
2531,Connecticut|House CT-05|Jahana Hayes,no_record,nice,,,,
2542,Delaware|House DE-AL|Earl Cooper,no_record,nuanced,,,,
2538,Delaware|House DE-AL|Sarah McBride,no_record,nice,,,,
1147,Delaware|Senate|Christopher Beardsley,no_record,nuanced,,,,
2553,Florida|House FL-02|Austin Rogers,no_record,nuanced,,,,
2564,Florida|House FL-03|George Hubac,no_record,nuanced,,,,
2559,Florida|House FL-03|Rock Aboujaoude Jr.,no_record,nice,,,,
2568,Florida|House FL-04|Aaron Bean,no_record,nuanced,,,,
2578,Florida|House FL-05|John Rutherford,no_record,nuanced,,,,
2581,Florida|House FL-05|Mark Kaye,no_record,nuanced,,,,
691,Florida|House FL-06|Randy Fine,naughty,nuanced,,,,
2596,Florida|House FL-09|Darren Soto,no_record,nice,,,,
2600,Florida|House FL-10|Maxwell Frost,no_record,nuanced,,,,
1760,Florida|House FL-13|Anna Paulina Luna,no_record,nuanced,,,,
2621,Florida|House FL-14|Amaro Lionheart,no_record,nuanced,,,,
2282,Florida|House FL-14|Kathy Castor,nuanced,nice,,,,
2635,Florida|House FL-15|Laurel Lee,no_record,nice,,,,
2648,Florida|House FL-18|Scott Franklin,no_record,nice,,,,
2673,Florida|House FL-20|Rudy Moise,no_record,nuanced,,,,
2666,Florida|House FL-20|Sheila Cherfilus-McCormick,no_record,nuanced,,,,
2683,Florida|House FL-21|Brian Mast,no_record,nuanced,,,,
2690,Florida|House FL-22|Lois Frankel,no_record,nuanced,,,,
1486,Florida|House FL-23|Raven Harrison,no_record,nuanced,,,,
2696,Florida|House FL-24|Frederica Wilson,no_record,nuanced,,,,
2701,Florida|House FL-25|Debbie Wasserman Schultz,no_record,nuanced,,,,
2705,Florida|House FL-25|Michael Carbonara,no_record,nuanced,,,,
2716,Florida|House FL-27|Maria Elvira Salazar,no_record,nice,,,,
2726,Florida|House FL-28|Carlos Gimenez,no_record,nuanced,,,,
2730,Florida|House FL-28|Phil Ehr,no_record,nuanced,,,,
1123,Florida|Senate|Alan Grayson,no_record,nuanced,,,,
1115,Florida|Senate|Alex Vindman,no_record,nuanced,,,,
1119,Florida|Senate|Angie Nixon,no_record,nuanced,,,,
840,Georgia|Governor|Chris Carr,no_record,nuanced,,,,
787,Georgia|Governor|Gregg Kirkpatrick,nuanced,no_record,,,,
2757,Georgia|House GA-02|Sanford Bishop,no_record,nuanced,,,,
2762,Georgia|House GA-03|Brian Jack,no_record,nuanced,,,,
2764,Georgia|House GA-03|George Johnson,no_record,nuanced,,,,
2768,Georgia|House GA-03|Maura Keller,no_record,nuanced,,,,
2776,Georgia|House GA-04|Ben Truman II,no_record,nuanced,,,,
2772,Georgia|House GA-04|Hank Johnson,no_record,nuanced,,,,
2781,Georgia|House GA-05|Nikema Williams,no_record,nuanced,,,,
2788,Georgia|House GA-06|Lucy McBath,no_record,nice,,,,
2794,Georgia|House GA-06|Sonya Halpern,no_record,nuanced,,,,
2800,Georgia|House GA-07|Casey Norton,no_record,nice,,,,
2805,Georgia|House GA-08|Austin Scott,no_record,nuanced,,,,
2811,Georgia|House GA-09|Andrew Clyde,no_record,nuanced,,,,
2831,Georgia|House GA-11|Tricia Pridemore,no_record,nuanced,,,,
2839,Georgia|House GA-12|Rick Allen,no_record,nice,,,,
2845,Georgia|House GA-13|David Scott,no_record,nuanced,,,,
796,Georgia|Senate|Buddy Carter,no_record,nuanced,,,,
2853,Hawaii|House HI-01|Della Au Belatti,no_record,nuanced,,,,
2857,Hawaii|House HI-01|Jarrett Keohokalole,no_record,nice,,,,
699,Hawaii|House HI-02|Jill Tokuda,naughty,nuanced,,,,
2865,Idaho|House ID-01|Kaylee Peterson,no_record,nice,,,,
2861,Idaho|House ID-01|Ken Brungardt,no_record,nuanced,,,,
2868,Idaho|House ID-01|Sarah Zabel,no_record,nice,,,,
2875,Idaho|House ID-02|Mike Simpson,no_record,nuanced,,,,
2880,Idaho|House ID-02|Perry Shumway,no_record,nuanced,,,,
1205,Idaho|Senate|Jim Risch,nuanced,nice,,,,
962,Illinois|Governor|Darren Bailey,nuanced,no_record,,,,
2893,Illinois|House IL-01|Christian Maxwell,no_record,nuanced,,,,
2895,Illinois|House IL-02|Donna Miller,no_record,nuanced,,,,
2901,Illinois|House IL-03|Delia Ramirez,no_record,nice,,,,
2911,Illinois|House IL-04|Byron Sigcho-Lopez,no_record,nuanced,,,,
2916,Illinois|House IL-05|Mike Quigley,no_record,nuanced,,,,
2922,Illinois|House IL-06|Sean Casten,no_record,nuanced,,,,
2927,Illinois|House IL-07|La Shawn Ford,no_record,nuanced,,,,
2931,Illinois|House IL-08|Melissa Bean,no_record,nuanced,,,,
2937,Illinois|House IL-09|Daniel Biss,no_record,nice,,,,
2944,Illinois|House IL-10|Brad Schneider,no_record,nuanced,,,,
2947,Illinois|House IL-11|Jeff Walter,no_record,nuanced,,,,
2954,Illinois|House IL-12|Julie Fortier,no_record,nuanced,,,,
2959,Illinois|House IL-13|Nikki Budzinski,no_record,nice,,,,
2967,Illinois|House IL-15|Mary Miller,no_record,nuanced,,,,
2973,Illinois|House IL-17|Dillan Vancil,no_record,nuanced,,,,
811,Illinois|Senate|Don Tracy,no_record,nuanced,,,,
2977,Indiana|House IN-02|Rudy Yakym,no_record,nuanced,,,,
2993,Indiana|House IN-04|Craig Haggard,no_record,nuanced,,,,
2989,Indiana|House IN-04|Jim Baird,no_record,nuanced,,,,
2998,Indiana|House IN-05|Victoria Spartz,no_record,nuanced,,,,
3014,Indiana|House IN-06|David Boyd,no_record,nuanced,,,,
3019,Indiana|House IN-07|Andre Carson,no_record,nice,,,,
3022,Indiana|House IN-07|George Hornedo,no_record,nuanced,,,,
3030,Indiana|House IN-08|Mark Messmer,no_record,nuanced,,,,
3035,Indiana|House IN-09|Erin Houchin,no_record,nice,,,,
221,Iowa|Governor|Zach Lahn,nice,no_record,,,,
824,Iowa|Senate|Nathan Sage,no_record,nuanced,,,,
837,Iowa|Senate|Zach Wahls,nuanced,no_record,,,,
1021,Kansas|Governor|Charlotte O'Hara,no_record,nuanced,,,,
1026,Kansas|Governor|Cindy Holscher,no_record,nuanced,,,,
1014,Kansas|Governor|Ty Masterson,no_record,nuanced,,,,
702,Kansas|House KS-01|Tracey Mann,naughty,nuanced,,,,
3055,Kansas|House KS-03|Sarah Preu,no_record,nice,,,,
705,Kansas|House KS-03|Sharice Davids,naughty,nice,,,,
1168,Kansas|Senate|Roger Marshall,nuanced,nice,,,,
3075,Kentucky|House KY-01|James Comer,no_record,nice,,,,
3084,Kentucky|House KY-02|Brett Guthrie,no_record,nuanced,,,,
2297,Kentucky|House KY-03|Morgan McGarvey,nuanced,nice,,,,
3101,Kentucky|House KY-04|Ed Gallrein,no_record,nuanced,,,,
3105,Kentucky|House KY-05|Hal Rogers,no_record,nuanced,,,,
3132,Kentucky|House KY-06|David Kloiber,no_record,nuanced,,,,
3125,Kentucky|House KY-06|Deanna Gordon,no_record,nuanced,,,,
3117,Kentucky|House KY-06|Ryan Dotson,no_record,nuanced,,,,
1097,Kentucky|Senate|Charles Booker,nuanced,nice,,,,
3138,Louisiana|House LA-01|Steve Scalise,no_record,nuanced,,,,
3143,Louisiana|House LA-02|Troy Carter,no_record,nice,,,,
3153,Louisiana|House LA-03|Clay Higgins,no_record,nuanced,,,,
3162,Louisiana|House LA-04|Mike Johnson,no_record,nuanced,,,,
3169,Louisiana|House LA-05|Blake Miguez,no_record,nuanced,,,,
3184,Louisiana|House LA-05|Kyle Green Jr.,no_record,nuanced,,,,
3173,Louisiana|House LA-05|Misti Cordell,no_record,nuanced,,,,
3178,Louisiana|House LA-05|Rick Edmonds,no_record,nuanced,,,,
3189,Louisiana|House LA-06|Cleo Fields,no_record,nuanced,,,,
3192,Louisiana|House LA-06|Larry Davis,no_record,nuanced,,,,
1059,Maine|Governor|Angus King III,no_record,nuanced,,,,
1065,Maine|Governor|Eloise Vitelli,nuanced,no_record,,,,
1072,Maine|Governor|James Libby,no_record,nuanced,,,,
1077,Maine|Governor|Jonathan Bush,no_record,nuanced,,,,
604,Maine|Governor|Owen McCarthy,naughty,nuanced,,,,
224,Maine|Governor|Shenna Bellows,nice,nuanced,,,,
3196,Maine|House ME-01|Chellie Pingree,no_record,nuanced,,,,
1777,Maine|House ME-02|Joe Baldacci,no_record,nuanced,,,,
1781,Maine|House ME-02|Paige Loud,no_record,nice,,,,
848,Maine|Senate|Graham Platner,no_record,nuanced,,,,
3202,Maryland|House MD-01|Andy Harris,no_record,nuanced,,,,
3208,Maryland|House MD-01|Dan Schwartz,no_record,nuanced,,,,
3215,Maryland|House MD-02|Johnny Olszewski,no_record,nuanced,,,,
3224,Maryland|House MD-03|Austin Dyches,no_record,nuanced,,,,
3220,Maryland|House MD-03|Sarah Elfreth,no_record,nuanced,,,,
3234,Maryland|House MD-04|Glenn Ivey,no_record,nuanced,,,,
3250,Maryland|House MD-05|Adrian Boafo,no_record,nuanced,,,,
3256,Maryland|House MD-06|April McClain Delaney,no_record,nice,,,,
3263,Maryland|House MD-06|David Trone,no_record,nice,,,,
3269,Maryland|House MD-07|Kweisi Mfume,no_record,nuanced,,,,
3273,Maryland|House MD-07|Mark Conway,no_record,nuanced,,,,
1145,Massachusetts|Governor|Michael Minogue,no_record,nuanced,,,,
3288,Massachusetts|House MA-01|Jeromie Whalen,no_record,nuanced,,,,
3296,Massachusetts|House MA-02|Jim McGovern,no_record,nice,,,,
2303,Massachusetts|House MA-03|Lori Trahan,nuanced,nice,,,,
3301,Massachusetts|House MA-04|Chris Boyd,no_record,nice,,,,
